step,epoch,loss,spearman,alignment,uniformity
250,1,0.018955595791339874,74.33418365626244,0.2448812574148178,-2.754155397415161
500,1,0.020601944997906685,74.33478864369987,0.23801463842391968,-2.7430481910705566
750,1,0.0018094428814947605,74.8438326583402,0.23585689067840576,-2.7468931674957275
1000,1,0.001113049453124404,74.64331081794349,0.23444703221321106,-2.749255895614624
1250,1,0.0011320450576022267,74.62044200328319,0.2421640157699585,-2.77596378326416
1500,1,0.0009953195694833994,75.39837570893508,0.23776660859584808,-2.776576042175293
1750,1,0.0007141403621062636,75.0473429587377,0.24407143890857697,-2.80507755279541
2000,1,0.0016083435621112585,74.63272780829739,0.24747692048549652,-2.768476963043213
2250,1,0.0007299395510926843,75.03334795334015,0.24440383911132812,-2.7859268188476562
2500,1,0.0003990077238995582,75.13804356496449,0.24417723715305328,-2.7878355979919434
2587,1,0.002223942195996642,75.1613505058748,0.24425429105758667,-2.7900424003601074
