model,dev_spearman,test_spearman,alignment,uniformity
bert_mean,59.31201141819942,47.289436692838926,0.21554061770439148,-1.6136159896850586
sbert_2019,80.77414503337994,76.98523722656225,0.17976932227611542,-3.0509591102600098
unsup_s42,77.17317913149849,69.84138558926836,0.2273658961057663,-2.3765439987182617
unsup_same_mask_s42,62.74939446456011,53.13784967548562,0.40450310707092285,-2.662651300430298
sup_hard_s42,76.73880526930662,73.6262389576779,0.1084202453494072,-2.216590166091919
sup_nohard_s42,75.99035200131291,73.65274649851241,0.10522853583097458,-2.137752056121826
unsup_s43,77.7050481028508,69.76227048610205,0.2252410352230072,-2.4753191471099854
unsup_same_mask_s43,69.32861048230346,59.294264940425876,0.3974108397960663,-2.803131341934204
sup_hard_s43,76.31111356118741,73.95197985455609,0.1218414306640625,-2.2572011947631836
sup_nohard_s43,76.51395886748449,72.86280424935208,0.10937976092100143,-2.119100570678711
unsup_s44,75.39837570893508,66.08486546664982,0.27142050862312317,-2.7755377292633057
unsup_same_mask_s44,69.26414118002758,59.6920617476698,0.3981074094772339,-2.831838846206665
sup_hard_s44,76.03792269728847,73.67936636898527,0.11176146566867828,-2.3108081817626953
sup_nohard_s44,76.0516066910251,72.57608888525772,0.10177192091941833,-2.073753595352173
